{"eval_loss": 1.0278429985046387, "eval_accuracy": 0.6000000238418579, "eval_runtime": 0.3373, "eval_samples_per_second": 163.037, "eval_steps_per_second": 20.75}