{"eval_loss": 0.4043061435222626, "eval_accuracy": 0.846372663974762, "eval_runtime": 15.3614, "eval_samples_per_second": 640.695, "eval_steps_per_second": 80.136}