{"eval_loss": 0.419746458530426, "eval_accuracy": 0.8582605123519897, "eval_runtime": 15.3078, "eval_samples_per_second": 642.941, "eval_steps_per_second": 80.417}